model_cfg,label_id,tp,fp,fn,dice
sam2_hiera_t.yaml,1,69269,5131,7996,0.9134474005208848
sam2_hiera_s.yaml,1,72373,3990,4892,0.9421850183560289
